Workbook
Name Slicer_campaign_name: #N/A

Sheet customer
A1: id | B1: full_name | C1: email | D1: gsm_number | E1: customer_age | F1: customer_gender
A2: C0001 | B2: Cooper Rowantree | C2: crowantree0@unc.edu | D2: 971-205-0249 | E2: 35 | F2: Male
A3: C0002 | B3: Arlan Boow | C3: aboow1@upenn.edu | D3: 587-456-6601 | E3: 58 | F3: Male
A4: C0003 | B4: Sascha Pittock | C4: spittock2@bluehost.com | D4: 197-660-7732 | E4: 29 | F4: Male
A5: C0004 | B5: Feliks Datte | C5: fdatte3@hp.com | D5: 402-819-2990 | E5: 61 | F5: Male
A6: C0005 | B6: Goddart Drage | C6: gdrage4@samsung.com | D6: 113-208-8207 | E6: 63 | F6: Female
A7: C0006 | B7: Jenine Swateridge | C7: jswateridge5@bravesites.com | D7: 980-499-2623 | E7: 82 | F7: Female
A8: C0007 | B8: Bonny Crowd | C8: bcrowd6@auda.org.au | D8: 500-318-4540 | E8: 36 | F8: Female
A9: C0008 | B9: Kylen Stanluck | C9: kstanluck7@yellowbook.com | D9: 132-349-0937 | E9: 47 | F9: Female
A10: C0009 | B10: Donnajean Belz | C10: dbelz8@storify.com | D10: 209-266-8420 | E10: 68 | F10: Male
A11: C0010 | B11: Thomasin Bulley | C11: tbulley9@cisco.com | D11: 392-290-2626 | E11: 50 | F11: Male
A12: C0011 | B12: Evvie MacTrusty | C12: emactrustya@ustream.tv | D12: 417-754-3818 | E12: 21 | F12: Male
A13: C0012 | B13: Dinny Victory | C13: dvictoryb@msu.edu | D13: 662-638-5210 | E13: 33 | F13: Female
... A978: C0977 | B978: Bili Pairpoint | C978: bpairpointr4@altervista.org | D978: 268-447-6625 | E978: 47 | F978: Male

Sheet campaign
A1: id | B1: campaign_name | C1: activate_date | D1: campaign_price
A2: cam01 | B2: ChildrenInHH | C2: 44699 | D2: 10
A3: cam02 | B3: HandsetRefurbished | C3: 43041 | D3: 26
A4: cam03 | B4: HandsetWebCapable | C4: 43779 | D4: 62
A5: cam04 | B5: TruckOwner | C5: 43502 | D5: 26
A6: cam05 | B6: RVOwner | C6: 42352 | D6: 22
A7: cam06 | B7: Homeownership | C7: 44156 | D7: 13
A8: cam07 | B8: BuysViaMailOrder | C8: 42141 | D8: 25
A9: cam08 | B9: RespondsToMailOffers | C9: 44736 | D9: 27
A10: cam09 | B10: OptOutMailings | C10: 43695 | D10: 75
A11: cam10 | B11: NonUSTravel | C11: 42596 | D11: 66
A12: cam11 | B12: OwnsComputer | C12: 42623 | D12: 62
A13: cam12 | B13: HasCreditCard | C13: 44532 | D13: 65
... A18: cam17 | B18: MaritalStatus | C18: 44744 | D18: 29

Sheet data
A1: id_customer | B1: id_campaign | C1: join_date | D1: buy_date | E1: month_difference | F1: campaign_name | G1: campaign_price | H1: customer_name
A2: C0001 | B2: cam12 | C2: 44813 | D2: 44813 | E2: =DATEDIF(C2,D2,"M") -> 0 | F2: =_xlfn.XLOOKUP(data!$B2,campaign!$A$2:$A$18,campaign!$B$2:$B$18) -> HasCreditCard | G2: =_xlfn.XLOOKUP($F2,campaign!$B$2:$B$18,campaign!$D$2:$D$18) -> 65 | H2: =_xlfn.XLOOKUP($A2,customer!$A$2:$A$978,customer!$B$2:$B$978) -> Cooper Rowantree
A3: C0001 | B3: cam12 | C3: 44813 | D3: 44907 | E3: =DATEDIF(C3,D3,"M") -> 3 | F3: =_xlfn.XLOOKUP(data!$B3,campaign!$A$2:$A$18,campaign!$B$2:$B$18) -> HasCreditCard | G3: =_xlfn.XLOOKUP($F3,campaign!$B$2:$B$18,campaign!$D$2:$D$18) -> 65 | H3: =_xlfn.XLOOKUP($A3,customer!$A$2:$A$978,customer!$B$2:$B$978) -> Cooper Rowantree
A4: C0001 | B4: cam12 | C4: 44813 | D4: 44935 | E4: =DATEDIF(C4,D4,"M") -> 4 | F4: =_xlfn.XLOOKUP(data!$B4,campaign!$A$2:$A$18,campaign!$B$2:$B$18) -> HasCreditCard | G4: =_xlfn.XLOOKUP($F4,campaign!$B$2:$B$18,campaign!$D$2:$D$18) -> 65 | H4: =_xlfn.XLOOKUP($A4,customer!$A$2:$A$978,customer!$B$2:$B$978) -> Cooper Rowantree
A5: C0001 | B5: cam12 | C5: 44813 | D5: 44974 | E5: =DATEDIF(C5,D5,"M") -> 5 | F5: =_xlfn.XLOOKUP(data!$B5,campaign!$A$2:$A$18,campaign!$B$2:$B$18) -> HasCreditCard | G5: =_xlfn.XLOOKUP($F5,campaign!$B$2:$B$18,campaign!$D$2:$D$18) -> 65 | H5: =_xlfn.XLOOKUP($A5,customer!$A$2:$A$978,customer!$B$2:$B$978) -> Cooper Rowantree
A6: C0001 | B6: cam12 | C6: 44813 | D6: 45006 | E6: =DATEDIF(C6,D6,"M") -> 6 | F6: =_xlfn.XLOOKUP(data!$B6,campaign!$A$2:$A$18,campaign!$B$2:$B$18) -> HasCreditCard | G6: =_xlfn.XLOOKUP($F6,campaign!$B$2:$B$18,campaign!$D$2:$D$18) -> 65 | H6: =_xlfn.XLOOKUP($A6,customer!$A$2:$A$978,customer!$B$2:$B$978) -> Cooper Rowantree
A7: C0001 | B7: cam12 | C7: 44813 | D7: 45040 | E7: =DATEDIF(C7,D7,"M") -> 7 | F7: =_xlfn.XLOOKUP(data!$B7,campaign!$A$2:$A$18,campaign!$B$2:$B$18) -> HasCreditCard | G7: =_xlfn.XLOOKUP($F7,campaign!$B$2:$B$18,campaign!$D$2:$D$18) -> 65 | H7: =_xlfn.XLOOKUP($A7,customer!$A$2:$A$978,customer!$B$2:$B$978) -> Cooper Rowantree
A8: C0001 | B8: cam12 | C8: 44813 | D8: 45065 | E8: =DATEDIF(C8,D8,"M") -> 8 | F8: =_xlfn.XLOOKUP(data!$B8,campaign!$A$2:$A$18,campaign!$B$2:$B$18) -> HasCreditCard | G8: =_xlfn.XLOOKUP($F8,campaign!$B$2:$B$18,campaign!$D$2:$D$18) -> 65 | H8: =_xlfn.XLOOKUP($A8,customer!$A$2:$A$978,customer!$B$2:$B$978) -> Cooper Rowantree
A9: C0001 | B9: cam07 | C9: 44850 | D9: 44850 | E9: =DATEDIF(C9,D9,"M") -> 0 | F9: =_xlfn.XLOOKUP(data!$B9,campaign!$A$2:$A$18,campaign!$B$2:$B$18) -> BuysViaMailOrder | G9: =_xlfn.XLOOKUP($F9,campaign!$B$2:$B$18,campaign!$D$2:$D$18) -> 25 | H9: =_xlfn.XLOOKUP($A9,customer!$A$2:$A$978,customer!$B$2:$B$978) -> Cooper Rowantree
A10: C0001 | B10: cam07 | C10: 44850 | D10: 44956 | E10: =DATEDIF(C10,D10,"M") -> 3 | F10: =_xlfn.XLOOKUP(data!$B10,campaign!$A$2:$A$18,campaign!$B$2:$B$18) -> BuysViaMailOrder | G10: =_xlfn.XLOOKUP($F10,campaign!$B$2:$B$18,campaign!$D$2:$D$18) -> 25 | H10: =_xlfn.XLOOKUP($A10,customer!$A$2:$A$978,customer!$B$2:$B$978) -> Cooper Rowantree
A11: C0001 | B11: cam07 | C11: 44850 | D11: 44982 | E11: =DATEDIF(C11,D11,"M") -> 4 | F11: =_xlfn.XLOOKUP(data!$B11,campaign!$A$2:$A$18,campaign!$B$2:$B$18) -> BuysViaMailOrder | G11: =_xlfn.XLOOKUP($F11,campaign!$B$2:$B$18,campaign!$D$2:$D$18) -> 25 | H11: =_xlfn.XLOOKUP($A11,customer!$A$2:$A$978,customer!$B$2:$B$978) -> Cooper Rowantree
A12: C0001 | B12: cam07 | C12: 44850 | D12: 45008 | E12: =DATEDIF(C12,D12,"M") -> 5 | F12: =_xlfn.XLOOKUP(data!$B12,campaign!$A$2:$A$18,campaign!$B$2:$B$18) -> BuysViaMailOrder | G12: =_xlfn.XLOOKUP($F12,campaign!$B$2:$B$18,campaign!$D$2:$D$18) -> 25 | H12: =_xlfn.XLOOKUP($A12,customer!$A$2:$A$978,customer!$B$2:$B$978) -> Cooper Rowantree
A13: C0001 | B13: cam07 | C13: 44850 | D13: 45045 | E13: =DATEDIF(C13,D13,"M") -> 6 | F13: =_xlfn.XLOOKUP(data!$B13,campaign!$A$2:$A$18,campaign!$B$2:$B$18) -> BuysViaMailOrder | G13: =_xlfn.XLOOKUP($F13,campaign!$B$2:$B$18,campaign!$D$2:$D$18) -> 25 | H13: =_xlfn.XLOOKUP($A13,customer!$A$2:$A$978,customer!$B$2:$B$978) -> Cooper Rowantree
... A15018: C0977 | B15018: cam05 | C15018: 44937 | D15018: 45068 | E15018: =DATEDIF(C15018,D15018,"M") -> 4 | F15018: =_xlfn.XLOOKUP(data!$B15018,campaign!$A$2:$A$18,campaign!$B$2:$B$18) -> RVOwner | G15018: =_xlfn.XLOOKUP($F15018,campaign!$B$2:$B$18,campaign!$D$2:$D$18) -> 22 | H15018: =_xlfn.XLOOKUP($A15018,customer!$A$2:$A$978,customer!$B$2:$B$978) -> Bili Pairpoint

Sheet Cohort
A3: Count of Customer
B4: Jan | C4: Feb | D4: Mar | E4: Apr | F4: May | G4: Jun | H4: Jul | I4: Aug | J4: Sep | K4: Oct | L4: Nov | M4: Dec
A5: 0 | B5: 244 | C5: 194 | D5: 208 | E5: 219 | F5: 100 | G5: 119 | H5: 113 | I5: 143 | J5: 122 | K5: 137 | L5: 125 | M5: 132
A6: 1 | B6: 195 | C6: 172 | D6: 184 | E6: 206 | F6: 73 | G6: 97 | H6: 90 | I6: 118 | J6: 109 | K6: 123 | L6: 114 | M6: 126
A7: 2 | B7: 191 | C7: 150 | D7: 179 | E7: 63 | F7: 76 | G7: 95 | H7: 79 | I7: 123 | J7: 92 | K7: 120 | L7: 110 | M7: 114
A8: 3 | B8: 189 | C8: 163 | D8: 59 | E8: 68 | F8: 77 | G8: 82 | H8: 90 | I8: 119 | J8: 101 | K8: 120 | L8: 106 | M8: 112
A9: 4 | B9: 191 | C9: 60 | D9: 61 | E9: 69 | F9: 69 | G9: 99 | H9: 87 | I9: 118 | J9: 105 | K9: 112 | L9: 107 | M9: 124
A10: 5 | B10: 74 | C10: 60 | D10: 56 | E10: 72 | F10: 71 | G10: 93 | H10: 89 | I10: 113 | J10: 96 | K10: 118 | L10: 112 | M10: 118
A11: 6 | B11: 71 | C11: 48 | D11: 60 | E11: 72 | F11: 76 | G11: 79 | H11: 85 | I11: 110 | J11: 101 | K11: 119 | L11: 104
A12: 7 | B12: 77 | C12: 61 | D12: 60 | E12: 69 | F12: 72 | G12: 96 | H12: 85 | I12: 107 | J12: 101 | K12: 115
A13: 8 | B13: 72 | C13: 59 | D13: 60 | E13: 66 | F13: 80 | G13: 92 | H13: 86 | I13: 112 | J13: 102
A14: 9 | B14: 74 | C14: 58 | D14: 62 | E14: 68 | F14: 69 | G14: 86 | H14: 86 | I14: 120
A15: 10 | B15: 81 | C15: 57 | D15: 52 | E15: 73 | F15: 74 | G15: 82 | H15: 86
A16: 11 | B16: 82 | C16: 59 | D16: 66 | E16: 78 | F16: 80 | G16: 87
A17: 12 | B17: 73 | C17: 58 | D17: 63 | E17: 61 | F17: 71
A18: 13 | B18: 71 | C18: 59 | D18: 57 | E18: 70
A19: 14 | B19: 83 | C19: 59 | D19: 53
A20: 15 | B20: 76 | C20: 63
A21: 16 | B21: 72
A24: Count of Customer
B25: Jan | C25: Feb | D25: Mar | E25: Apr | F25: May | G25: Jun | H25: Jul | I25: Aug | J25: Sep | K25: Oct | L25: Nov | M25: Dec
A26: 0 | B26: 1 | C26: 1 | D26: 1 | E26: 1 | F26: 1 | G26: 1 | H26: 1 | I26: 1 | J26: 1 | K26: 1 | L26: 1 | M26: 1
A27: 1 | B27: 0.79918033 | C27: 0.88659794 | D27: 0.88461538 | E27: 0.94063927 | F27: 0.73 | G27: 0.81512605 | H27: 0.79646018 | I27: 0.82517483 | J27: 0.89344262 | K27: 0.89781022 | L27: 0.912 | M27: 0.95454545
A28: 2 | B28: 0.78278689 | C28: 0.77319588 | D28: 0.86057692 | E28: 0.28767123 | F28: 0.76 | G28: 0.79831933 | H28: 0.69911504 | I28: 0.86013986 | J28: 0.75409836 | K28: 0.87591241 | L28: 0.88 | M28: 0.86363636
A29: 3 | B29: 0.77459016 | C29: 0.84020619 | D29: 0.28365385 | E29: 0.31050228 | F29: 0.77 | G29: 0.68907563 | H29: 0.79646018 | I29: 0.83216783 | J29: 0.82786885 | K29: 0.87591241 | L29: 0.848 | M29: 0.84848485
A30: 4 | B30: 0.78278689 | C30: 0.30927835 | D30: 0.29326923 | E30: 0.31506849 | F30: 0.69 | G30: 0.83193277 | H30: 0.7699115 | I30: 0.82517483 | J30: 0.86065574 | K30: 0.81751825 | L30: 0.856 | M30: 0.93939394
A31: 5 | B31: 0.30327869 | C31: 0.30927835 | D31: 0.26923077 | E31: 0.32876712 | F31: 0.71 | G31: 0.78151261 | H31: 0.78761062 | I31: 0.79020979 | J31: 0.78688525 | K31: 0.86131387 | L31: 0.896 | M31: 0.89393939
A32: 6 | B32: 0.29098361 | C32: 0.24742268 | D32: 0.28846154 | E32: 0.32876712 | F32: 0.76 | G32: 0.66386555 | H32: 0.75221239 | I32: 0.76923077 | J32: 0.82786885 | K32: 0.86861314 | L32: 0.832
A33: 7 | B33: 0.31557377 | C33: 0.31443299 | D33: 0.28846154 | E33: 0.31506849 | F33: 0.72 | G33: 0.80672269 | H33: 0.75221239 | I33: 0.74825175 | J33: 0.82786885 | K33: 0.83941606
A34: 8 | B34: 0.29508197 | C34: 0.30412371 | D34: 0.28846154 | E34: 0.30136986 | F34: 0.8 | G34: 0.77310924 | H34: 0.76106195 | I34: 0.78321678 | J34: 0.83606557
A35: 9 | B35: 0.30327869 | C35: 0.29896907 | D35: 0.29807692 | E35: 0.31050228 | F35: 0.69 | G35: 0.72268908 | H35: 0.76106195 | I35: 0.83916084
A36: 10 | B36: 0.33196721 | C36: 0.29381443 | D36: 0.25 | E36: 0.33333333 | F36: 0.74 | G36: 0.68907563 | H36: 0.76106195
A37: 11 | B37: 0.33606557 | C37: 0.30412371 | D37: 0.31730769 | E37: 0.35616438 | F37: 0.8 | G37: 0.73109244
A38: 12 | B38: 0.29918033 | C38: 0.29896907 | D38: 0.30288462 | E38: 0.27853881 | F38: 0.71
A39: 13 | B39: 0.29098361 | C39: 0.30412371 | D39: 0.27403846 | E39: 0.3196347
A40: 14 | B40: 0.34016393 | C40: 0.30412371 | D40: 0.25480769
A41: 15 | B41: 0.31147541 | C41: 0.32474227
A42: 16 | B42: 0.29508197

Sheet Stabil
A3: Sum of campaign_price | B3: Column Labels | Y3: Sum of campaign_price | Z3: Column Labels
B4: 2022 | N4: 2022 Total | O4: 2023 | U4: 2023 Total | Z4: 2023 | AF4: 2023 Total
A5: Row Labels | B5: Jan | C5: Feb | D5: Mar | E5: Apr | F5: May | G5: Jun | H5: Jul | I5: Aug | J5: Sep | K5: Oct | L5: Nov | M5: Dec | O5: Jan | P5: Feb | Q5: Mar | R5: Apr | S5: May | T5: Jun | Y5: Row Labels | Z5: Jan | AA5: Feb | AB5: Mar | AC5: Apr | AD5: May | AE5: Jun | AG5: CofV | AH5: SUM
A6: BuysViaMailOrder | B6: 200 | C6: 225 | D6: 450 | E6: 450 | F6: 575 | G6: 625 | H6: 800 | I6: 975 | J6: 1075 | K6: 1200 | L6: 1225 | M6: 1450 | N6: 9250 | O6: 1700 | P6: 1700 | Q6: 1975 | R6: 2050 | S6: 2250 | T6: 750 | U6: 10425 | Y6: BuysViaMailOrder | Z6: 1700 | AA6: 1700 | AB6: 1975 | AC6: 2050 | AD6: 2250 | AE6: 750 | AF6: 10425 | AG6: =_xlfn.STDEV.P(Z6:AD6)/AVERAGE(Z6:AD6) -> 0.10950708 | AH6: =SUM(Z6:AD6) -> 9675
A7: ChildrenInHH | F7: 50 | G7: 130 | H7: 200 | I7: 250 | J7: 260 | K7: 420 | L7: 440 | M7: 520 | N7: 2270 | O7: 680 | P7: 790 | Q7: 870 | R7: 1050 | S7: 1040 | T7: 310 | U7: 4740 | Y7: ChildrenInHH | Z7: 680 | AA7: 790 | AB7: 870 | AC7: 1050 | AD7: 1040 | AE7: 310 | AF7: 4740 | AG7: =_xlfn.STDEV.P(Z7:AD7)/AVERAGE(Z7:AD7) -> 0.16161645 | AH7: =SUM(Z7:AD7) -> 4430
A8: HandsetRefurbished | B8: 286 | C8: 260 | D8: 442 | E8: 468 | F8: 702 | G8: 728 | H8: 858 | I8: 1118 | J8: 1326 | K8: 1378 | L8: 1456 | M8: 1742 | N8: 10764 | O8: 1742 | P8: 1820 | Q8: 2184 | R8: 2184 | S8: 2158 | T8: 546 | U8: 10634 | Y8: HandsetRefurbished | Z8: 1742 | AA8: 1820 | AB8: 2184 | AC8: 2184 | AD8: 2158 | AE8: 546 | AF8: 10634 | AG8: =_xlfn.STDEV.P(Z8:AD8)/AVERAGE(Z8:AD8) -> 0.096640893 | AH8: =SUM(Z8:AD8) -> 10088
A9: HandsetWebCapable | B9: 372 | C9: 558 | D9: 868 | E9: 992 | F9: 1054 | G9: 1736 | H9: 1922 | I9: 2170 | J9: 2666 | K9: 3782 | L9: 4092 | M9: 4898 | N9: 25110 | O9: 5022 | P9: 5518 | Q9: 6200 | R9: 6944 | S9: 6944 | T9: 1426 | U9: 32054 | Y9: HandsetWebCapable | Z9: 5022 | AA9: 5518 | AB9: 6200 | AC9: 6944 | AD9: 6944 | AE9: 1426 | AF9: 32054 | AG9: =_xlfn.STDEV.P(Z9:AD9)/AVERAGE(Z9:AD9) -> 0.12501537 | AH9: =SUM(Z9:AD9) -> 30628
A10: HasCreditCard | B10: 845 | C10: 845 | D10: 1170 | E10: 1430 | F10: 1820 | G10: 2340 | H10: 2860 | I10: 2730 | J10: 3185 | K10: 3575 | L10: 4225 | M10: 4745 | N10: 29770 | O10: 4745 | P10: 5135 | Q10: 5655 | R10: 6240 | S10: 6435 | T10: 2210 | U10: 30420 | Y10: HasCreditCard | Z10: 4745 | AA10: 5135 | AB10: 5655 | AC10: 6240 | AD10: 6435 | AE10: 2210 | AF10: 30420 | AG10: =_xlfn.STDEV.P(Z10:AD10)/AVERAGE(Z10:AD10) -> 0.11344271 | AH10: =SUM(Z10:AD10) -> 28210
A11: Homeownership | B11: 104 | C11: 130 | D11: 169 | E11: 208 | F11: 325 | G11: 390 | H11: 520 | I11: 611 | J11: 624 | K11: 754 | L11: 858 | M11: 975 | N11: 5668 | O11: 1027 | P11: 1027 | Q11: 1248 | R11: 1196 | S11: 1235 | T11: 390 | U11: 6123 | Y11: Homeownership | Z11: 1027 | AA11: 1027 | AB11: 1248 | AC11: 1196 | AD11: 1235 | AE11: 390 | AF11: 6123 | AG11: =_xlfn.STDEV.P(Z11:AD11)/AVERAGE(Z11:AD11) -> 0.086465651 | AH11: =SUM(Z11:AD11) -> 5733
A12: MadeCallToRetentionTeam | B12: 128 | C12: 192 | D12: 208 | E12: 384 | F12: 432 | G12: 608 | H12: 784 | I12: 752 | J12: 896 | K12: 1056 | L12: 1184 | M12: 1168 | N12: 7792 | O12: 1280 | P12: 1264 | Q12: 1600 | R12: 1600 | S12: 1616 | T12: 544 | U12: 7904 | Y12: MadeCallToRetentionTeam | Z12: 1280 | AA12: 1264 | AB12: 1600 | AC12: 1600 | AD12: 1616 | AE12: 544 | AF12: 7904 | AG12: =_xlfn.STDEV.P(Z12:AD12)/AVERAGE(Z12:AD12) -> 0.11106122 | AH12: =SUM(Z12:AD12) -> 7360
A13: MaritalStatus | H13: 377 | I13: 609 | J13: 812 | K13: 1247 | L13: 1566 | M13: 1914 | N13: 6525 | O13: 2146 | P13: 2523 | Q13: 2900 | R13: 3103 | S13: 3306 | T13: 1073 | U13: 15051 | Y13: MaritalStatus | Z13: 2146 | AA13: 2523 | AB13: 2900 | AC13: 3103 | AD13: 3306 | AE13: 1073 | AF13: 15051 | AG13: =_xlfn.STDEV.P(Z13:AD13)/AVERAGE(Z13:AD13) -> 0.1485396 | AH13: =SUM(Z13:AD13) -> 13978
A14: NewCellphoneUser | B14: 200 | C14: 200 | D14: 450 | E14: 625 | F14: 800 | G14: 875 | H14: 1075 | I14: 1225 | J14: 1175 | K14: 1575 | L14: 1575 | M14: 1825 | N14: 11600 | O14: 2100 | P14: 2300 | Q14: 2450 | R14: 2375 | S14: 2525 | T14: 850 | U14: 12600 | Y14: NewCellphoneUser | Z14: 2100 | AA14: 2300 | AB14: 2450 | AC14: 2375 | AD14: 2525 | AE14: 850 | AF14: 12600 | AG14: =_xlfn.STDEV.P(Z14:AD14)/AVERAGE(Z14:AD14) -> 0.062031403 | AH14: =SUM(Z14:AD14) -> 11750
A15: NonUSTravel | B15: 660 | C15: 792 | D15: 1584 | E15: 1452 | F15: 1914 | G15: 2112 | H15: 2706 | I15: 2970 | J15: 3168 | K15: 4620 | L15: 4686 | M15: 5148 | N15: 31812 | O15: 5676 | P15: 6534 | Q15: 7128 | R15: 7128 | S15: 6732 | T15: 1782 | U15: 34980 | Y15: NonUSTravel | Z15: 5676 | AA15: 6534 | AB15: 7128 | AC15: 7128 | AD15: 6732 | AE15: 1782 | AF15: 34980 | AG15: =_xlfn.STDEV.P(Z15:AD15)/AVERAGE(Z15:AD15) -> 0.080412519 | AH15: =SUM(Z15:AD15) -> 33198
A16: NotNewCellphoneUser | B16: 308 | C16: 308 | D16: 588 | E16: 560 | F16: 812 | G16: 840 | H16: 1148 | I16: 1260 | J16: 1400 | K16: 1624 | L16: 1764 | M16: 2184 | N16: 12796 | O16: 2324 | P16: 2548 | Q16: 3024 | R16: 3024 | S16: 3192 | T16: 924 | U16: 15036 | Y16: NotNewCellphoneUser | Z16: 2324 | AA16: 2548 | AB16: 3024 | AC16: 3024 | AD16: 3192 | AE16: 924 | AF16: 15036 | AG16: =_xlfn.STDEV.P(Z16:AD16)/AVERAGE(Z16:AD16) -> 0.11660861 | AH16: =SUM(Z16:AD16) -> 14112 | AI16: Ən stabil 3 gəlir əldə edən kompaniya: | AM16: =Y14 & " " & Y15 & " " & Y17 -> NewCellphoneUser NonUSTravel OptOutMailings
A17: OptOutMailings | B17: 525 | C17: 750 | D17: 1125 | E17: 1500 | F17: 1875 | G17: 2400 | H17: 2700 | I17: 3300 | J17: 3225 | K17: 4275 | L17: 4200 | M17: 4875 | N17: 30750 | O17: 5250 | P17: 5775 | Q17: 6525 | R17: 6450 | S17: 6075 | T17: 1950 | U17: 32025 | Y17: OptOutMailings | Z17: 5250 | AA17: 5775 | AB17: 6525 | AC17: 6450 | AD17: 6075 | AE17: 1950 | AF17: 32025 | AG17: =_xlfn.STDEV.P(Z17:AD17)/AVERAGE(Z17:AD17) -> 0.077827863 | AH17: =SUM(Z17:AD17) -> 30075
A18: OwnsComputer | B18: 434 | C18: 620 | D18: 1178 | E18: 1240 | F18: 1674 | G18: 1798 | H18: 2232 | I18: 2790 | J18: 3162 | K18: 3720 | L18: 4526 | M18: 4650 | N18: 28024 | O18: 5022 | P18: 5084 | Q18: 5952 | R18: 6200 | S18: 6324 | T18: 2108 | U18: 30690 | Y18: OwnsComputer | Z18: 5022 | AA18: 5084 | AB18: 5952 | AC18: 6200 | AD18: 6324 | AE18: 2108 | AF18: 30690 | AG18: =_xlfn.STDEV.P(Z18:AD18)/AVERAGE(Z18:AD18) -> 0.097106418 | AH18: =SUM(Z18:AD18) -> 28582
A19: OwnsMotorcycle | B19: 140 | C19: 140 | D19: 210 | E19: 294 | F19: 378 | G19: 364 | H19: 574 | I19: 560 | J19: 770 | K19: 840 | L19: 896 | M19: 952 | N19: 6118 | O19: 924 | P19: 1106 | Q19: 1232 | R19: 1274 | S19: 1274 | T19: 392 | U19: 6202 | Y19: OwnsMotorcycle | Z19: 924 | AA19: 1106 | AB19: 1232 | AC19: 1274 | AD19: 1274 | AE19: 392 | AF19: 6202 | AG19: =_xlfn.STDEV.P(Z19:AD19)/AVERAGE(Z19:AD19) -> 0.11531071 | AH19: =SUM(Z19:AD19) -> 5810
A20: RespondsToMailOffers | G20: 81 | H20: 189 | I20: 540 | J20: 810 | K20: 1107 | L20: 1296 | M20: 1539 | N20: 5562 | O20: 1836 | P20: 2295 | Q20: 2808 | R20: 2997 | S20: 3132 | T20: 1134 | U20: 14202 | Y20: RespondsToMailOffers | Z20: 1836 | AA20: 2295 | AB20: 2808 | AC20: 2997 | AD20: 3132 | AE20: 1134 | AF20: 14202 | AG20: =_xlfn.STDEV.P(Z20:AD20)/AVERAGE(Z20:AD20) -> 0.18426694 | AH20: =SUM(Z20:AD20) -> 13068
A21: RVOwner | B21: 198 | C21: 286 | D21: 396 | E21: 572 | F21: 726 | G21: 880 | H21: 1122 | I21: 1012 | J21: 1188 | K21: 1452 | L21: 1606 | M21: 1848 | N21: 11286 | O21: 1848 | P21: 2046 | Q21: 2288 | R21: 2398 | S21: 2486 | T21: 660 | U21: 11726 | Y21: RVOwner | Z21: 1848 | AA21: 2046 | AB21: 2288 | AC21: 2398 | AD21: 2486 | AE21: 660 | AF21: 11726 | AG21: =_xlfn.STDEV.P(Z21:AD21)/AVERAGE(Z21:AD21) -> 0.10605947 | AH21: =SUM(Z21:AD21) -> 11066
A22: TruckOwner | B22: 52 | C22: 156 | D22: 260 | E22: 364 | F22: 520 | G22: 728 | H22: 858 | I22: 1066 | J22: 988 | K22: 1274 | L22: 1430 | M22: 1716 | N22: 9412 | O22: 1690 | P22: 1846 | Q22: 2366 | R22: 2444 | S22: 2496 | T22: 806 | U22: 11648 | Y22: TruckOwner | Z22: 1690 | AA22: 1846 | AB22: 2366 | AC22: 2444 | AD22: 2496 | AE22: 806 | AF22: 11648 | AG22: =_xlfn.STDEV.P(Z22:AD22)/AVERAGE(Z22:AD22) -> 0.15366445 | AH22: =SUM(Z22:AD22) -> 10842

Sheet Pareto
A3: campaign_name | B3: Count | C3: Cum%
A4: NonUSTravel | B4: 66792 | C4: 0.12579265
A5: OptOutMailings | B5: 62775 | C5: 0.2440199
A6: HasCreditCard | B6: 60190 | C6: 0.35737868
A7: OwnsComputer | B7: 58714 | C7: 0.46795764
A8: HandsetWebCapable | B8: 57164 | C8: 0.57561741
A9: NotNewCellphoneUser | B9: 27832 | C9: 0.62803478
A10: NewCellphoneUser | B10: 24200 | C10: 0.67361183
A11: RVOwner | B11: 23012 | C11: 0.71695146
A12: MaritalStatus | B12: 21576 | C12: 0.7575866
A13: HandsetRefurbished | B13: 21398 | C13: 0.79788651
A14: TruckOwner | B14: 21060 | C14: 0.83754984
A15: RespondsToMailOffers | B15: 19764 | C15: 0.87477235
... A20: ChildrenInHH | B20: 7010 | C20: 1

Sheet Endirim
A3: compaign name | B3: Max of buy_date | C3: Max of campaign_price | D3: Son alınan tarifin qiyməti | E3: ENDİRİM | F3: Endirim tətbiq ediləcək müştərilər | G3: Endirimlə təklif olunacaq tarif
A4: Abbott Salazar | B4: 45079 | C4: 62 | D4: =SUMIFS(data!$G$2:$G$15018,data!$H$2:$H$15018,Endirim!$A4,data!$D$2:$D$15018,Endirim!$B4) -> 25 | E4: =IF(C4=D4, "Endirim yoxdur", "Endirim tətbiq edilsin") -> Endirim tətbiq edilsin | F4: =IF(E4="Endirim tətbiq edilsin",A4,"") -> Abbott Salazar | G4: =IF(F4="","",_xlfn.XLOOKUP(B4,data!$D$2:$D$15018,data!$F$2:$F$15018)) -> HandsetWebCapable
A5: Abdul Foulds | B5: 45084 | C5: 25 | D5: =SUMIFS(data!$G$2:$G$15018,data!$H$2:$H$15018,Endirim!$A5,data!$D$2:$D$15018,Endirim!$B5) -> 16 | E5: =IF(C5=D5, "Endirim yoxdur", "Endirim tətbiq edilsin") -> Endirim tətbiq edilsin | F5: =IF(E5="Endirim tətbiq edilsin",A5,"") -> Abdul Foulds | G5: =IF(F5="","",_xlfn.XLOOKUP(B5,data!$D$2:$D$15018,data!$F$2:$F$15018)) -> MaritalStatus
A6: Abrahan Cotton | B6: 45087 | C6: 29 | D6: =SUMIFS(data!$G$2:$G$15018,data!$H$2:$H$15018,Endirim!$A6,data!$D$2:$D$15018,Endirim!$B6) -> 29 | E6: =IF(C6=D6, "Endirim yoxdur", "Endirim tətbiq edilsin") -> Endirim yoxdur | F6: =IF(E6="Endirim tətbiq edilsin",A6,"") | G6: =IF(F6="","",_xlfn.XLOOKUP(B6,data!$D$2:$D$15018,data!$F$2:$F$15018))
A7: Adan Doghartie | B7: 45056 | C7: 66 | D7: =SUMIFS(data!$G$2:$G$15018,data!$H$2:$H$15018,Endirim!$A7,data!$D$2:$D$15018,Endirim!$B7) -> 26 | E7: =IF(C7=D7, "Endirim yoxdur", "Endirim tətbiq edilsin") -> Endirim tətbiq edilsin | F7: =IF(E7="Endirim tətbiq edilsin",A7,"") -> Adan Doghartie | G7: =IF(F7="","",_xlfn.XLOOKUP(B7,data!$D$2:$D$15018,data!$F$2:$F$15018)) -> HandsetRefurbished
A8: Addie Chillcot | B8: 45066 | C8: 66 | D8: =SUMIFS(data!$G$2:$G$15018,data!$H$2:$H$15018,Endirim!$A8,data!$D$2:$D$15018,Endirim!$B8) -> 25 | E8: =IF(C8=D8, "Endirim yoxdur", "Endirim tətbiq edilsin") -> Endirim tətbiq edilsin | F8: =IF(E8="Endirim tətbiq edilsin",A8,"") -> Addie Chillcot | G8: =IF(F8="","",_xlfn.XLOOKUP(B8,data!$D$2:$D$15018,data!$F$2:$F$15018)) -> MaritalStatus
A9: Adelle Wattingham | B9: 45058 | C9: 14 | D9: =SUMIFS(data!$G$2:$G$15018,data!$H$2:$H$15018,Endirim!$A9,data!$D$2:$D$15018,Endirim!$B9) -> 14 | E9: =IF(C9=D9, "Endirim yoxdur", "Endirim tətbiq edilsin") -> Endirim yoxdur | F9: =IF(E9="Endirim tətbiq edilsin",A9,"") | G9: =IF(F9="","",_xlfn.XLOOKUP(B9,data!$D$2:$D$15018,data!$F$2:$F$15018))
A10: Adey Driscoll | B10: 45086 | C10: 25 | D10: =SUMIFS(data!$G$2:$G$15018,data!$H$2:$H$15018,Endirim!$A10,data!$D$2:$D$15018,Endirim!$B10) -> 25 | E10: =IF(C10=D10, "Endirim yoxdur", "Endirim tətbiq edilsin") -> Endirim yoxdur | F10: =IF(E10="Endirim tətbiq edilsin",A10,"") | G10: =IF(F10="","",_xlfn.XLOOKUP(B10,data!$D$2:$D$15018,data!$F$2:$F$15018))
A11: Adler Instock | B11: 45074 | C11: 10 | D11: =SUMIFS(data!$G$2:$G$15018,data!$H$2:$H$15018,Endirim!$A11,data!$D$2:$D$15018,Endirim!$B11) -> 10 | E11: =IF(C11=D11, "Endirim yoxdur", "Endirim tətbiq edilsin") -> Endirim yoxdur | F11: =IF(E11="Endirim tətbiq edilsin",A11,"") | G11: =IF(F11="","",_xlfn.XLOOKUP(B11,data!$D$2:$D$15018,data!$F$2:$F$15018))
A12: Adolph Wisedale | B12: 45079 | C12: 62 | D12: =SUMIFS(data!$G$2:$G$15018,data!$H$2:$H$15018,Endirim!$A12,data!$D$2:$D$15018,Endirim!$B12) -> 28 | E12: =IF(C12=D12, "Endirim yoxdur", "Endirim tətbiq edilsin") -> Endirim tətbiq edilsin | F12: =IF(E12="Endirim tətbiq edilsin",A12,"") -> Adolph Wisedale | G12: =IF(F12="","",_xlfn.XLOOKUP(B12,data!$D$2:$D$15018,data!$F$2:$F$15018)) -> HandsetWebCapable
A13: Adoree Hasard | B13: 45080 | C13: 65 | D13: =SUMIFS(data!$G$2:$G$15018,data!$H$2:$H$15018,Endirim!$A13,data!$D$2:$D$15018,Endirim!$B13) -> 65 | E13: =IF(C13=D13, "Endirim yoxdur", "Endirim tətbiq edilsin") -> Endirim yoxdur | F13: =IF(E13="Endirim tətbiq edilsin",A13,"") | G13: =IF(F13="","",_xlfn.XLOOKUP(B13,data!$D$2:$D$15018,data!$F$2:$F$15018))
A14: Adriena Thomton | B14: 45068 | C14: 75 | D14: =SUMIFS(data!$G$2:$G$15018,data!$H$2:$H$15018,Endirim!$A14,data!$D$2:$D$15018,Endirim!$B14) -> 27 | E14: =IF(C14=D14, "Endirim yoxdur", "Endirim tətbiq edilsin") -> Endirim tətbiq edilsin | F14: =IF(E14="Endirim tətbiq edilsin",A14,"") -> Adriena Thomton | G14: =IF(F14="","",_xlfn.XLOOKUP(B14,data!$D$2:$D$15018,data!$F$2:$F$15018)) -> RespondsToMailOffers
A15: Aguie Guppy | B15: 45077 | C15: 66 | D15: =SUMIFS(data!$G$2:$G$15018,data!$H$2:$H$15018,Endirim!$A15,data!$D$2:$D$15018,Endirim!$B15) -> 66 | E15: =IF(C15=D15, "Endirim yoxdur", "Endirim tətbiq edilsin") -> Endirim yoxdur | F15: =IF(E15="Endirim tətbiq edilsin",A15,"") | G15: =IF(F15="","",_xlfn.XLOOKUP(B15,data!$D$2:$D$15018,data!$F$2:$F$15018))
... A975: Zenia Ruecastle | B975: 45076 | C975: 62 | D975: =SUMIFS(data!$G$2:$G$15018,data!$H$2:$H$15018,Endirim!$A975,data!$D$2:$D$15018,Endirim!$B975) -> 25 | E975: =IF(C975=D975, "Endirim yoxdur", "Endirim tətbiq edilsin") -> Endirim tətbiq edilsin | F975: =IF(E975="Endirim tətbiq edilsin",A975,"") -> Zenia Ruecastle | G975: =IF(F975="","",_xlfn.XLOOKUP(B975,data!$D$2:$D$15018,data!$F$2:$F$15018)) -> Homeownership
